[{"model": "admin.logentry", "pk": 1, "fields": {"action_time": "2020-10-06T20:45:09.888Z", "user": 1, "content_type": 10, "object_id": "5", "object_repr": "Basket object (5)", "action_flag": 3, "change_message": ""}}, {"model": "admin.logentry", "pk": 2, "fields": {"action_time": "2020-10-06T20:45:12.686Z", "user": 1, "content_type": 10, "object_id": "3", "object_repr": "Basket object (3)", "action_flag": 3, "change_message": ""}}, {"model": "admin.logentry", "pk": 3, "fields": {"action_time": "2020-10-06T20:45:34.964Z", "user": 1, "content_type": 10, "object_id": "4", "object_repr": "Basket object (4)", "action_flag": 3, "change_message": ""}}, {"model": "admin.logentry", "pk": 4, "fields": {"action_time": "2020-10-06T20:45:38.059Z", "user": 1, "content_type": 10, "object_id": "2", "object_repr": "Basket object (2)", "action_flag": 3, "change_message": ""}}, {"model": "sessions.session", "pk": "2mcxsgbdef1k8x9g284zcvdsdwb2qgzy", "fields": {"session_data": ".eJxVj10LgjAUhv_Lrss2dbl1l0ERFQaB0NXYx_EDRcFNCaL_noZE3T6H533f80QNPBzaoBVaoKFatrJ3hS-skw5Gug_vMb1dzuVAeJ1lkUx26WG4HrtQx4XO1SiJyRC9hU6UZlQI-YdK6gqa6WJbXcpa6LYDb6bWGyovPSXbqfXfK6QtRokRoCYMtDRMcbXmPkTYkCDQnFNgHDAA5UYzysA3SuEIRwoYBIzjjEI4jZl7P9G1tE7UbV42P8O-f6PXG2hpWTM:1kWKdU:RSt4KUhNLRSRlriJlpuWlpvHUZZYB6y8Hd-StSaK2jc", "expire_date": "2020-11-07T14:35:12.684Z"}}, {"model": "sessions.session", "pk": "2ygp3g4ozahfbvoaskp4a7kzaj4ceasg", "fields": {"session_data": ".eJxVjDsOwjAQBe_iGlnx36ak5wzW7nqFA8iW4qRC3B0ipYD2zcx7iQzbWvM2eMlzEWehxOl3Q6AHtx2UO7Rbl9Tbuswod0UedMhrL_y8HO7fQYVRvzUDYnSuFJVQ61AiWGMcgWUfk9OWOQSI1hOl6JASIWqikNBMkwoexPsD9644Ow:1kYSdu:2EgzmobfoosX8pRkWGhAhBP_0Q81IH5pevaq-DLWYAg", "expire_date": "2020-11-13T11:32:26.223Z"}}, {"model": "sessions.session", "pk": "8rqgnj1riy2h61yguxphhkuy5oackxir", "fields": {"session_data": ".eJxVjDsOwjAQBe_iGlnx36ak5wzW7nqFA8iW4qRC3B0ipYD2zcx7iQzbWvM2eMlzEWehxOl3Q6AHtx2UO7Rbl9Tbuswod0UedMhrL_y8HO7fQYVRvzUDYnSuFJVQ61AiWGMcgWUfk9OWOQSI1hOl6JASIWqikNBMkwoexPsD9644Ow:1kXMwp:mKBLxwcsle4730RIFJKRCeohg4k6M38K1dl7VCT14QY", "expire_date": "2020-11-10T11:15:27.680Z"}}, {"model": "sessions.session", "pk": "9w1flwno7p5u8jcx4fcizqpqk7v7v6yg", "fields": {"session_data": "MmQ1MzRlMzY0NzkwOTY3ZGU0MDZhNDM2OTljZjllZDViZTE5NTIwMjp7Il9hdXRoX3VzZXJfaWQiOiIxIiwiX2F1dGhfdXNlcl9iYWNrZW5kIjoiZGphbmdvLmNvbnRyaWIuYXV0aC5iYWNrZW5kcy5Nb2RlbEJhY2tlbmQiLCJfYXV0aF91c2VyX2hhc2giOiJiNjQ2ZTQ0Mjc5NDkxYTUyYjMzNzIwMTVmYzJlODczMmU1MDIwMzY3In0=", "expire_date": "2020-10-16T13:10:23.734Z"}}, {"model": "mainapp.productcategory", "pk": 5, "fields": {"name": "дом", "description": "отличная мебель для домашнего интерьера.", "is_active": true}}, {"model": "mainapp.productcategory", "pk": 6, "fields": {"name": "офис", "description": "стильная и надежная офисная мебель нового поколения.", "is_active": true}}, {"model": "mainapp.productcategory", "pk": 7, "fields": {"name": "модерн", "description": "мебель в стиле МОДЕРН подойдет для любого интерьера.", "is_active": true}}, {"model": "mainapp.productcategory", "pk": 8, "fields": {"name": "классика", "description": "классический стиль актуален в любые времена.", "is_active": true}}, {"model": "mainapp.productcategory", "pk": 10, "fields": {"name": "tes1", "description": "desc", "is_active": false}}, {"model": "mainapp.product", "pk": 11, "fields": {"category": 5, "name": "комфорт 1", "image": "products_images/product-1.jpg", "short_desc": "комфортный стул", "description": "подойдет для просмотра фильмов", "price": "2989.50", "quantity": 20, "is_active": true}}, {"model": "mainapp.product", "pk": 12, "fields": {"category": 5, "name": "комфорт 2", "image": "products_images/product-2.jpg", "short_desc": "очень комфортный стул", "description": "подойдет для общения с друзьями", "price": "3687.20", "quantity": 21, "is_active": true}}, {"model": "mainapp.product", "pk": 13, "fields": {"category": 5, "name": "люкс", "image": "products_images/product-3.jpg", "short_desc": "использованы премиальные материалы", "description": "для тех, кто стремится к лучшему", "price": "8157.99", "quantity": 16, "is_active": true}}, {"model": "mainapp.product", "pk": 14, "fields": {"category": 6, "name": "стандарт", "image": "products_images/product-4.jpg", "short_desc": "универсальное решение", "description": "подойдет для любого офиса", "price": "1895.25", "quantity": 28, "is_active": true}}, {"model": "mainapp.product", "pk": 15, "fields": {"category": 6, "name": "премиум", "image": "products_images/product-5.jpg", "short_desc": "улучшенный дизайн", "description": "идеально впишется в строгий интерьер офиса", "price": "3587.41", "quantity": 5, "is_active": true}}, {"model": "mainapp.product", "pk": 16, "fields": {"category": 7, "name": "новинка", "image": "products_images/product-6.jpg", "short_desc": "инновационный дизайн", "description": "нестандартное решение для современного интерьера", "price": "5361.47", "quantity": 18, "is_active": true}}, {"model": "mainapp.product", "pk": 17, "fields": {"category": 7, "name": "прогресс", "image": "products_images/product-7.jpg", "short_desc": "прогрессивный дизайн", "description": "функциональное и комфортное решение", "price": "6789.33", "quantity": 11, "is_active": true}}, {"model": "mainapp.product", "pk": 18, "fields": {"category": 8, "name": "венеция", "image": "products_images/product-8.jpg", "short_desc": "классические формы", "description": "окунитесь в европейский комфорт", "price": "4147.51", "quantity": 25, "is_active": true}}, {"model": "mainapp.product", "pk": 19, "fields": {"category": 8, "name": "тоскана", "image": "products_images/product-9.jpg", "short_desc": "эргономичная спинка", "description": "почувствуйте комфорт и насладитесь цветовой гаммой", "price": "7147.35", "quantity": 18, "is_active": true}}, {"model": "mainapp.product", "pk": 20, "fields": {"category": 8, "name": "рим", "image": "products_images/product-10.jpg", "short_desc": "удачные пропорции", "description": "компактность и функциональность", "price": "8357.77", "quantity": 8, "is_active": true}}, {"model": "mainapp.product", "pk": 21, "fields": {"category": 6, "name": "Стульчик", "image": "", "short_desc": "Удобный стул", "description": "Приятно сидеть", "price": "4500.00", "quantity": 13, "is_active": false}}, {"model": "mainapp.contacts", "pk": 4, "fields": {"city": "Москва", "phone_number": "+7-888-888-8888", "email": "info@geekshop.ru", "post_address": "В пределах МКАД"}}, {"model": "mainapp.contacts", "pk": 5, "fields": {"city": "Екатеринбург", "phone_number": "+7-777-777-7777", "email": "info_yekaterinburg@geekshop.ru", "post_address": "Близко к центру"}}, {"model": "mainapp.contacts", "pk": 6, "fields": {"city": "Владивосток", "phone_number": "+7-999-999-9999", "email": "info_vladivostok@geekshop.ru", "post_address": "Близко к океану"}}, {"model": "authapp.shopuser", "pk": 1, "fields": {"password": "pbkdf2_sha256$216000$0TpoWQ08taS2$kYOMfw3NJd3B2jQCnKdxUYquSf8J+4aP6hBPFZjUm/c=", "last_login": "2020-10-30T11:32:26.064Z", "is_superuser": true, "username": "django", "first_name": "Evgeniy", "last_name": "Filippov", "email": "", "is_staff": true, "date_joined": "2020-09-29T13:37:44Z", "avatar": "users_avatars/terebonka_47414735_orig__qt4vEFI.jpg", "age": 30, "is_active": true, "activation_key": "", "activation_key_expires": "2020-10-22T11:33:22.822Z", "groups": [], "user_permissions": []}}, {"model": "authapp.shopuser", "pk": 2, "fields": {"password": "pbkdf2_sha256$216000$Xc2xzcg2Eptb$up2ooI+dffeNLWFZbLUNupZzGZcg9cUrhBZN4c+wzJk=", "last_login": null, "is_superuser": false, "username": "django1", "first_name": "django1", "last_name": "", "email": "django@example.ru", "is_staff": false, "date_joined": "2020-10-15T15:19:26Z", "avatar": "users_avatars/sigame.jpg", "age": 55, "is_active": true, "activation_key": "", "activation_key_expires": "2020-10-22T11:33:22.822Z", "groups": [], "user_permissions": []}}, {"model": "authapp.shopuser", "pk": 3, "fields": {"password": "pbkdf2_sha256$216000$zhPOWpIrzQmC$u/IWIYelnz6uc1hEhWclYLzEykJ73eEJgZG3cTjwcbk=", "last_login": null, "is_superuser": false, "username": "django2", "first_name": "django2", "last_name": "", "email": "django2@example.inbox", "is_staff": false, "date_joined": "2020-10-20T11:35:37.930Z", "avatar": "", "age": 44, "is_active": false, "activation_key": "3c0161dbf12428efc52c4e2d8a1a0d3306dc764c", "activation_key_expires": "2020-10-22T11:34:30.562Z", "groups": [], "user_permissions": []}}, {"model": "authapp.shopuser", "pk": 4, "fields": {"password": "pbkdf2_sha256$216000$iWuw5EaNoY25$sVpw7EAxb+X7hm47U5TUBjydWBR2zen0ZISOlK2nuRY=", "last_login": null, "is_superuser": false, "username": "django10", "first_name": "django10", "last_name": "", "email": "django10@example.inbox", "is_staff": false, "date_joined": "2020-10-20T11:38:07.181Z", "avatar": "", "age": 44, "is_active": false, "activation_key": "d2d1c6bd317fa6c58fe7fa489d251b7c0587641e", "activation_key_expires": "2020-10-22T11:37:16.365Z", "groups": [], "user_permissions": []}}, {"model": "authapp.shopuser", "pk": 5, "fields": {"password": "pbkdf2_sha256$216000$rdYIYzGgfEZl$+zn7E3Jv9NIiiOk5+pHFOZRzJkrwKDeclsnthvzrB1o=", "last_login": null, "is_superuser": false, "username": "django3", "first_name": "django3", "last_name": "", "email": "django3@example.com", "is_staff": false, "date_joined": "2020-10-20T11:45:04.118Z", "avatar": "", "age": 44, "is_active": false, "activation_key": "2ce25ac5521715931e4304bd1da2d81c942ef33a", "activation_key_expires": "2020-10-22T11:44:21.877Z", "groups": [], "user_permissions": []}}, {"model": "authapp.shopuser", "pk": 6, "fields": {"password": "pbkdf2_sha256$216000$PYgugv9EfLcW$WeHpWd8GNJGtl4PK2SH4ueXoU9Zi/klbjQKxGBN7MBM=", "last_login": null, "is_superuser": false, "username": "django4", "first_name": "django4", "last_name": "", "email": "django4@example.ru", "is_staff": false, "date_joined": "2020-10-20T11:49:07.914Z", "avatar": "", "age": 44, "is_active": false, "activation_key": "fed4478056923cd3b1e5da0903ddf860b5e440cc", "activation_key_expires": "2020-10-22T11:48:28.001Z", "groups": [], "user_permissions": []}}, {"model": "authapp.shopuser", "pk": 7, "fields": {"password": "pbkdf2_sha256$216000$q8Z1sexkUPQg$d7Lu7y09pV0yFNxX/k3edWW1b4e+kkUtzu8vBLrv1AA=", "last_login": null, "is_superuser": false, "username": "django5", "first_name": "django5", "last_name": "", "email": "django5@example.ru", "is_staff": false, "date_joined": "2020-10-20T11:50:51.928Z", "avatar": "", "age": 44, "is_active": false, "activation_key": "0310778c0a4c3dd9a68de0abfbd49558ce0509ab", "activation_key_expires": "2020-10-22T11:49:47.810Z", "groups": [], "user_permissions": []}}, {"model": "authapp.shopuser", "pk": 8, "fields": {"password": "pbkdf2_sha256$216000$wsluopV2AoCn$J1NHYRFmyRjsWHjapwx+m03+4bG1L3H2L678PtOmAcE=", "last_login": null, "is_superuser": false, "username": "django6", "first_name": "django6", "last_name": "", "email": "django6@example.ru", "is_staff": false, "date_joined": "2020-10-20T11:55:46.587Z", "avatar": "", "age": 44, "is_active": false, "activation_key": "3a900b1a777d6ffdbd5950e565537c8c685257cd", "activation_key_expires": "2020-10-22T11:55:14.477Z", "groups": [], "user_permissions": []}}, {"model": "authapp.shopuser", "pk": 9, "fields": {"password": "pbkdf2_sha256$216000$MTING8y7PM22$1JRjsu+6Qioc1KRTWD06RVvGMAHWxuMnzPkLeFzaQrg=", "last_login": "2020-10-20T11:58:43.236Z", "is_superuser": false, "username": "django7", "first_name": "django7", "last_name": "", "email": "django7@example.ru", "is_staff": false, "date_joined": "2020-10-20T11:58:32.907Z", "avatar": "", "age": 44, "is_active": true, "activation_key": "3c4d1b341a9aec472ebcb4a09f1bb3fc6cafec4c", "activation_key_expires": "2020-10-22T11:57:56.548Z", "groups": [], "user_permissions": []}}, {"model": "authapp.shopuser", "pk": 11, "fields": {"password": "!c1ZlQNcP7ywRzTKT0a5jHZJQYK9FSZQ37yjwr7mb", "last_login": "2020-10-30T11:15:07.583Z", "is_superuser": false, "username": "kindlyhickory", "first_name": "Evgeny", "last_name": "Filippov", "email": "kindlyhickory@gmail.com", "is_staff": false, "date_joined": "2020-10-24T13:52:19.719Z", "avatar": "https://sun1-87.userapi.com/impg/c857220/v857220308/1f5ee3/FY3cF32CLgM.jpg?size=200x0&quality=88&crop=0,473,1620,1620&sign=6e4ed4aa82bbdcd1f7befe66a08e73e9&c_uniq_tag=Jyg6zX6CqmqjI23IBpEXkrHPcKku7c9VdEp940WZFxw&ava=1", "age": 18, "is_active": true, "activation_key": "", "activation_key_expires": "2020-10-26T13:52:12.027Z", "groups": [], "user_permissions": []}}, {"model": "authapp.shopuser", "pk": 12, "fields": {"password": "pbkdf2_sha256$216000$I7iqXZN1aEBg$0C//qP4WDeXmhDYOtwQ4XRpUmYtF0fSeZI4G9Sz9Ua8=", "last_login": null, "is_superuser": false, "username": "django555", "first_name": "django555", "last_name": "", "email": "django555@example.ru", "is_staff": false, "date_joined": "2020-10-24T13:59:32.734Z", "avatar": "", "age": 18, "is_active": false, "activation_key": "79730cb1462e9c7d3459837ef05263083c82db2a", "activation_key_expires": "2020-10-26T13:52:12.027Z", "groups": [], "user_permissions": []}}, {"model": "authapp.shopuserprofile", "pk": 1, "fields": {"user": 1, "tagline": "", "aboutMe": "", "gender": ""}}, {"model": "authapp.shopuserprofile", "pk": 2, "fields": {"user": 2, "tagline": "", "aboutMe": "", "gender": ""}}, {"model": "authapp.shopuserprofile", "pk": 3, "fields": {"user": 3, "tagline": "", "aboutMe": "", "gender": ""}}, {"model": "authapp.shopuserprofile", "pk": 4, "fields": {"user": 4, "tagline": "", "aboutMe": "", "gender": ""}}, {"model": "authapp.shopuserprofile", "pk": 5, "fields": {"user": 5, "tagline": "", "aboutMe": "", "gender": ""}}, {"model": "authapp.shopuserprofile", "pk": 6, "fields": {"user": 6, "tagline": "", "aboutMe": "", "gender": ""}}, {"model": "authapp.shopuserprofile", "pk": 7, "fields": {"user": 7, "tagline": "", "aboutMe": "", "gender": ""}}, {"model": "authapp.shopuserprofile", "pk": 8, "fields": {"user": 8, "tagline": "", "aboutMe": "", "gender": ""}}, {"model": "authapp.shopuserprofile", "pk": 9, "fields": {"user": 9, "tagline": "", "aboutMe": "", "gender": ""}}, {"model": "authapp.shopuserprofile", "pk": 11, "fields": {"user": 11, "tagline": "", "aboutMe": "", "gender": "M"}}, {"model": "authapp.shopuserprofile", "pk": 12, "fields": {"user": 12, "tagline": "", "aboutMe": "", "gender": ""}}, {"model": "ordersapp.order", "pk": 1, "fields": {"user": 1, "created": "2020-10-27T14:04:03.305Z", "update": "2020-11-03T11:26:41.680Z", "status": "формируется", "is_active": true}}, {"model": "ordersapp.order", "pk": 2, "fields": {"user": 1, "created": "2020-10-27T14:04:04.397Z", "update": "2020-11-03T11:26:40.287Z", "status": "оплачен", "is_active": true}}, {"model": "ordersapp.order", "pk": 3, "fields": {"user": 1, "created": "2020-10-27T14:11:46.187Z", "update": "2020-10-27T14:15:46.646Z", "status": "FM", "is_active": false}}, {"model": "ordersapp.order", "pk": 4, "fields": {"user": 1, "created": "2020-10-27T14:20:02.322Z", "update": "2020-10-30T13:51:38.579Z", "status": "формируется", "is_active": true}}, {"model": "ordersapp.order", "pk": 5, "fields": {"user": 11, "created": "2020-10-30T11:15:16.967Z", "update": "2020-10-30T13:51:37.447Z", "status": "формируется", "is_active": true}}, {"model": "ordersapp.order", "pk": 6, "fields": {"user": 1, "created": "2020-10-30T15:24:56.463Z", "update": "2020-10-30T16:07:42.801Z", "status": "FM", "is_active": false}}, {"model": "ordersapp.order", "pk": 7, "fields": {"user": 1, "created": "2020-10-30T16:09:30.180Z", "update": "2020-11-03T11:27:44.687Z", "status": "формируется", "is_active": true}}, {"model": "ordersapp.order", "pk": 8, "fields": {"user": 1, "created": "2020-11-03T11:46:14.846Z", "update": "2020-11-03T11:46:15.279Z", "status": "FM", "is_active": true}}, {"model": "ordersapp.orderitem", "pk": 1, "fields": {"order": 3, "product": 13, "quantity": 10}}, {"model": "ordersapp.orderitem", "pk": 2, "fields": {"order": 3, "product": 13, "quantity": 10}}, {"model": "ordersapp.orderitem", "pk": 3, "fields": {"order": 4, "product": 18, "quantity": 10}}, {"model": "ordersapp.orderitem", "pk": 4, "fields": {"order": 5, "product": 15, "quantity": 1}}, {"model": "ordersapp.orderitem", "pk": 5, "fields": {"order": 6, "product": 11, "quantity": 3}}, {"model": "ordersapp.orderitem", "pk": 6, "fields": {"order": 6, "product": 14, "quantity": 3}}, {"model": "ordersapp.orderitem", "pk": 7, "fields": {"order": 7, "product": 13, "quantity": 1}}, {"model": "ordersapp.orderitem", "pk": 8, "fields": {"order": 7, "product": 15, "quantity": 1}}, {"model": "ordersapp.orderitem", "pk": 9, "fields": {"order": 7, "product": 17, "quantity": 1}}, {"model": "ordersapp.orderitem", "pk": 11, "fields": {"order": 8, "product": 15, "quantity": 3}}, {"model": "ordersapp.orderitem", "pk": 12, "fields": {"order": 8, "product": 14, "quantity": 2}}, {"model": "social_django.usersocialauth", "pk": 2, "fields": {"user": 11, "provider": "vk-oauth2", "uid": "101486352", "extra_data": "{\"auth_time\": 1604056507, \"id\": 101486352, \"expires\": 86400, \"access_token\": \"6b09ffa0378dac50b2ee321502fdbe6522090a01bbb2af99406771cb6366ac5be9aebe76be4fa19e4afb8\", \"token_type\": null}", "created": "2020-10-24T13:52:20.127Z", "modified": "2020-10-30T11:15:07.347Z"}}]